{
  "resnet50": {
    "train_loss": [
      0.6350384569104766,
      0.504403189279802,
      0.4461250145280187,
      0.41367499144428754,
      0.3726649314442162,
      0.3577649419209555,
      0.36266223177966844,
      0.36225939604390667,
      0.34896984375805495,
      0.35641655725628574
    ],
    "val_loss": [
      0.527198565857751,
      0.4320068661100376,
      0.39126302903483373,
      0.365366268232002,
      0.34204629031212436,
      0.3282077641498228,
      0.30923436538125415,
      0.30307007865598484,
      0.30542442056795827,
      0.3118309830980642
    ],
    "train_acc": [
      0.6069057104913679,
      0.7848605577689243,
      0.8087649402390438,
      0.8419654714475432,
      0.8472775564409031,
      0.8432934926958832,
      0.851261620185923,
      0.8459495351925631,
      0.852589641434263,
      0.8565737051792829
    ],
    "val_acc": [
      0.7701863354037267,
      0.8509316770186336,
      0.84472049689441,
      0.8757763975155279,
      0.8757763975155279,
      0.8819875776397516,
      0.8944099378881988,
      0.8881987577639752,
      0.8881987577639752,
      0.8944099378881988
    ],
    "train_f1": [
      0.6068682681854076,
      0.7848021132894089,
      0.8086502100013273,
      0.8414370541082229,
      0.8468568416387758,
      0.843036636711832,
      0.8509493831290613,
      0.8457869130735918,
      0.8523933833840371,
      0.8564461179301095
    ],
    "val_f1": [
      0.7680372888616225,
      0.8507589843367737,
      0.8416316330908392,
      0.8757668123610152,
      0.8755075152590681,
      0.881896465945206,
      0.8943854929149121,
      0.8880692382525804,
      0.8879567637331613,
      0.8943854929149121
    ]
  },
  "efficientnet_b0": {
    "train_loss": [
      0.6671275170359162,
      0.5622233893291884,
      0.5013009505284577,
      0.4629828408261536,
      0.4349587577905946,
      0.4007924644753911,
      0.41042369984060645,
      0.39035484578663293,
      0.38375748486157907,
      0.3880030375869467
    ],
    "val_loss": [
      0.6055987484706855,
      0.5322968174952157,
      0.4758693444432679,
      0.43704078471438484,
      0.4188550766210378,
      0.39349885349688324,
      0.36695531269778375,
      0.37327703870601536,
      0.35911748886848827,
      0.37182573317000583
    ],
    "train_acc": [
      0.6082337317397079,
      0.7689243027888446,
      0.8167330677290837,
      0.8393094289508632,
      0.8419654714475432,
      0.8592297476759628,
      0.8366533864541833,
      0.852589641434263,
      0.851261620185923,
      0.852589641434263
    ],
    "val_acc": [
      0.7329192546583851,
      0.8571428571428571,
      0.906832298136646,
      0.9130434782608695,
      0.906832298136646,
      0.9192546583850931,
      0.9192546583850931,
      0.9192546583850931,
      0.9316770186335404,
      0.9192546583850931
    ],
    "train_f1": [
      0.6078533929240455,
      0.7688142248080847,
      0.8166231179179386,
      0.8384326132880394,
      0.8413871118284382,
      0.8584892193014542,
      0.836494804507314,
      0.8520014540284938,
      0.8506929759404249,
      0.851950616531404
    ],
    "val_f1": [
      0.7297264309651971,
      0.8571318329392181,
      0.9067603678514783,
      0.9130032081828798,
      0.906832298136646,
      0.9192546583850931,
      0.9192546583850931,
      0.9191236441162955,
      0.9316770186335404,
      0.9192546583850931
    ]
  },
  "densenet121": {
    "train_loss": [
      0.6467998334136142,
      0.5455078068640761,
      0.48152677154794316,
      0.45529308206689945,
      0.4316595870343496,
      0.4236384639701995,
      0.4084200653263614,
      0.37072546501083675,
      0.38068902793316883,
      0.3835415110328441
    ],
    "val_loss": [
      0.5707695783110138,
      0.5011884484972272,
      0.42960053543496574,
      0.39670788070985247,
      0.37474700193042343,
      0.35477074228736183,
      0.3417601883180023,
      0.34507975958704207,
      0.3389426919151537,
      0.33200898780400706
    ],
    "train_acc": [
      0.6361221779548473,
      0.7808764940239044,
      0.8180610889774237,
      0.8366533864541833,
      0.8127490039840638,
      0.8260292164674635,
      0.8326693227091634,
      0.8565737051792829,
      0.851261620185923,
      0.851261620185923
    ],
    "val_acc": [
      0.7453416149068323,
      0.8012422360248447,
      0.8633540372670807,
      0.8695652173913043,
      0.8695652173913043,
      0.8819875776397516,
      0.8695652173913043,
      0.906832298136646,
      0.8819875776397516,
      0.8881987577639752
    ],
    "train_f1": [
      0.6352187379841471,
      0.7808749481599803,
      0.8178188605730908,
      0.8365444281794446,
      0.8126241005959487,
      0.8257249798704526,
      0.8324299749508008,
      0.8559264415925055,
      0.8507869859254855,
      0.8509119778398108
    ],
    "val_f1": [
      0.7407163771070507,
      0.8003948192016948,
      0.8630582667849749,
      0.8693535789570929,
      0.8693535789570929,
      0.8817960952468935,
      0.8692020157690039,
      0.9067603678514783,
      0.8814848331116688,
      0.8879567637331613
    ]
  },
  "mobilenet_v2": {
    "train_loss": [
      0.6219318365037521,
      0.49619394825749186,
      0.4401360633838699,
      0.4197922009395888,
      0.39135118222648246,
      0.39744188166551225,
      0.37951808613768295,
      0.36706017632566756,
      0.3722549876368853,
      0.3449666835713988
    ],
    "val_loss": [
      0.5054491496419314,
      0.4079942369127866,
      0.36567739716597963,
      0.34466705124200503,
      0.3278297749550446,
      0.31242771696600113,
      0.3367166534899184,
      0.3161309444756241,
      0.30247297026911135,
      0.29959900408798124
    ],
    "train_acc": [
      0.6520584329349269,
      0.795484727755644,
      0.8286852589641435,
      0.8326693227091634,
      0.8353253652058433,
      0.8273572377158035,
      0.8326693227091634,
      0.848605577689243,
      0.8286852589641435,
      0.8658698539176627
    ],
    "val_acc": [
      0.8136645962732919,
      0.8695652173913043,
      0.8695652173913043,
      0.8695652173913043,
      0.8695652173913043,
      0.8757763975155279,
      0.8633540372670807,
      0.8695652173913043,
      0.8695652173913043,
      0.8633540372670807
    ],
    "train_f1": [
      0.6518926833317137,
      0.795484727755644,
      0.8281641116980375,
      0.8326079212892273,
      0.8350898166182484,
      0.8268571584132869,
      0.8324625169482245,
      0.8482094533963713,
      0.8284571752841513,
      0.8656912767728625
    ],
    "val_f1": [
      0.8111713760825825,
      0.8694645149920698,
      0.8695350206595973,
      0.8690095523865811,
      0.8692020157690039,
      0.8757668123610152,
      0.8626549183879821,
      0.869282727240626,
      0.8695652173913043,
      0.8632485028503888
    ]
  }
}